,0
0,Sox17
1,Rgs20
2,Sntg1
3,Prex2
4,Kcnb2
5,Gdap1
6,Crispld1
7,Mcm3
8,Tram2
9,Kcnq5
10,Rims1
11,Col19a1
12,Adgrb3
13,Ptpn18
14,Arhgef4
15,Neurl3
16,Sema4c
17,Zap70
18,Mgat4a
19,Aff3
20,Tbc1d8
21,Il1r2
22,Il1r1
23,Il1rl2
24,Il1rl1
25,Il18rap
26,Slc9a2
27,Gulp1
28,Col3a1
29,Slc40a1
30,Slc39a10
31,Tmeff2
32,Myo1b
33,Stat4
34,Stat1
35,Stk17b
36,Ankrd44
37,Rftn2
38,Plcl1
39,Satb2
40,Aox3
41,Cflar
42,Bmpr2
43,Raph1
44,Cd28
45,Pard3b
46,Nrp2
47,Adam23
48,Unc80
49,Fn1
50,Igfbp2
51,Igfbp5
52,Tns1
53,Slc11a1
54,Plcd4
55,Tuba4a
56,Dnajb2
57,Ptprn
58,Resp18
59,Des
60,Slc4a3
61,Epha4
62,Sgpp2
63,Mogat1
64,Acsl3
65,Scg2
66,Serpine2
67,Nyap2
68,Col4a4
69,Col4a3
70,Slc19a3
71,Krtap28-13
72,Sphkap
73,Pid1
74,Sp110
75,Sp100
76,Ecel1
77,Kcnj13
78,Inpp5d
79,Glrp1
80,Ackr3
81,Mlph
82,Sned1
83,Bok
84,Neu4
85,St8sia4
86,Pam
87,Rnf152
88,Tnfrsf11a
89,Bcl2
90,Cntnap5a
91,Dbi
92,Celrr
93,Dpp10
94,Lypd1
95,Nckap5
96,Tmem163
97,R3hdm1
98,Cxcr4
99,Fcmr
100,Srgap2
101,Fam72a
102,Elk4
103,Nuak2
104,Cntn2
105,Nfasc
106,Plekha6
107,Sox13
108,Atp2b4
109,Prelp
110,Fmod
111,Btg2
112,Ppfia4
113,Gpr37l1
114,Shisa4
115,Nav1
116,Csrp1
117,Ptprc
118,Cfh
119,Kcnt2
120,B3galt2
121,Rgs2
122,Rgs1
123,Brinp3
124,Ptgs2
125,Prg4
126,Hmcn1
127,Ivns1abp
128,Colgalt2
129,Ncf2
130,Lamc1
131,Npl
132,Rgs16
133,Glul
134,Cacna1e
135,Qsox1
136,Tnr
137,Cenpl
138,Prdx6
139,Dnm3
140,Myoc
141,Fmo1
142,Fmo2
143,Selp
144,F5
145,Atp1b1
146,Mpzl1
147,Rcsd1
148,Ildr2
149,Mgst3
150,Rgs5
151,Rgs4
152,Fcrla
153,Fcgr2b
154,Fcgr3
155,Pcp4l1
156,Fcer1g
157,Arhgap30
158,F11r
159,Cd244
160,Cd48
161,Cd84
162,Slamf6
163,Igsf8
164,Atp1a2
165,Kcnj9
166,Slamf9
167,Tagln2
168,Dusp23
169,Ackr1
170,Cadm3
171,Ifi204
172,Mndal
173,Pld5
174,Itpkb
175,Susd4
176,Slc30a10
177,Tgfb2
178,Esrrg
179,Kcnk2
180,Cenpf
181,Ptpn14
182,Batf3
183,Atf3
184,Slc30a1
185,Traf3ip3
186,Hsd11b1
187,G0s2
188,Plxna2
189,Cd34
190,Cr2
191,Meig1
192,Phyh
193,Proser2
194,Celf2
195,Itih2
196,Itih5
197,C1ql3
198,Vim
199,St8sia6
200,Mrc1
201,Slc39a12
202,Cacnb2
203,Plxdc2
204,Nebl
205,Armc3
206,Otud1
207,Etl4
208,Gpr158
209,Gad2
210,Apbb1ip
211,Cacna1b
212,Pnpla7
213,Nrarp
214,Grin1
215,Abca2
216,Ptgds
217,Kcnt1
218,Card9
219,Snapc4
220,Notch1
221,Egfl7
222,Slc2a6
223,Adamtsl2
224,Olfm1
225,Cercam
226,Pkn3
227,Ier5l
228,Exosc2
229,Lamc3
230,Golga2
231,Dnm1
232,Lcn2
233,Eng
234,Sh2d3c
235,Stxbp1
236,Garnl3
237,Pbx3
238,Gsn
239,Stom
240,Ggta1
241,Dab2ip
242,Ptgs1
243,Lhx2
244,Nek6
245,Nr6a1os
246,Scai
247,Arhgap15
248,Zeb2os
249,Tnfaip6
250,Kcnj3
251,Nr4a2
252,Gpd2
253,Ermn
254,Cytip
255,Acvr1c
256,Pkp4
257,Dapl1
258,Tanc1
259,Ly75
260,Pla2r1
261,Rbms1
262,Tbr1
263,Slc4a10
264,Dpp4
265,Fap
266,Ifih1
267,Kcnh7
268,Grb14
269,Cobll1
270,Slc38a11
271,Scn1a
272,Nostrin
273,Klhl23
274,Gad1
275,Dcaf17
276,Dlx1
277,Dlx2
278,Itga6
279,Rapgef4
280,Wipf1
281,Chn1
282,Ttn
283,Ccdc141
284,Zfp385b
285,Itga4
286,Pde1a
287,Zfp804a
288,Calcrl
289,Tfpi
290,Ypel4
291,Serping1
292,Ube2l6
293,Slc43a3
294,Aplnr
295,C1qtnf4
296,Spi1
297,Madd
298,Nr1h3
299,Lrp4
300,Mdk
301,Syt13
302,Trp53i11
303,Ttc17
304,Ldlrad3
305,Fjx1
306,Slc1a2
307,Cd44
308,Lmo2
309,Cd59a
310,Hipk3
311,Pax6
312,Bdnf
313,Ano3
314,Lpcat4
315,Ryr3
316,Scg5
317,Arhgap11a
318,Meis2
319,Rasgrp1
320,Thbs1
321,Bmf
322,Plcb2
323,Disp2
324,Spint1
325,Dll4
326,Chac1
327,Nusap1
328,Ehd4
329,Tmem87a
330,Capn3
331,Stard9
332,Ppip5k1
333,Wdr76
334,B2m
335,Gatm
336,Sema6d
337,Slc24a5
338,Cep152
339,Shc4
340,Hdc
341,Itpripl1
342,Dusp2
343,Mal
344,Bcl2l11
345,Mertk
346,Tmem87b
347,Slc20a1
348,Ckap2l
349,Il1a
350,Il1b
351,Sirpa
352,Pdyn
353,Cpxm1
354,Avp
355,Adam33
356,Hspa12b
357,Rassf2
358,Gpcpd1
359,Chgb
360,Bmp2
361,Plcb1
362,Plcb4
363,Lamp5
364,Snap25
365,Jag1
366,Ism1
367,Pcsk2
368,Slc24a3
369,Rin2
370,Nkx2-2os
371,Thbd
372,Cd93
373,Napb
374,Cst3
375,Cst7
376,Acss1
377,Gins1
378,Fam110a
379,Slc52a3
380,Tcf15
381,Trib3
382,Nrsn2
383,Rem1
384,Id1
385,Cox4i2
386,Bcl2l1
387,Tpx2
388,Foxs1
389,Ccm2l
390,Hck
391,Nol4l
392,Ggt7
393,Procr
394,Cnbd2
395,Myl9
396,Soga1
397,Samhd1
398,Rbl1
399,Nnat
400,Vstm2l
401,Tti1
402,Tgm2
403,Lbp
404,Slc32a1
405,Ppp1r16b
406,Mafb
407,Plcg1
408,Zhx3
409,Ptprt
410,Slpi
411,Matn4
412,Sdc4
413,Wfdc2
414,Ube2c
415,Neurl2
416,Pltp
417,Mmp9
418,Slc12a5
419,Cd40
420,Cdh22
421,Slc13a3
422,Eya2
423,Ncoa3
424,Sulf2
425,Kcnb1
426,B4galt5
427,Cebpb
428,Tshz2
429,Zfp217
430,Bcas1
431,Cbln4
432,Bmp7
433,Pmepa1
434,Npepl1
435,Ctsz
436,Edn3
437,Cdh4
438,Ss18l1
439,Hrh3
440,Lama5
441,Slco4a1
442,Col9a3
443,Slc17a9
444,Nkain4
445,Kcnq2
446,Eef1a2
447,Helz2
448,Stmn3
449,Zbtb46
450,Sox18
451,Shroom4
452,Syp
453,Prickle3
454,Magix
455,Pcsk1n
456,Was
457,Slc38a5
458,Cybb
459,Atp6ap2
460,Gpr34
461,Maoa
462,Slc9a7
463,Syn1
464,Dock11
465,Il13ra1
466,Gria3
467,Tenm1
468,Apln
469,Sash3
470,Enox2
471,Hs6st2
472,Gpc3
473,Xlr
474,Arhgef6
475,Zic3
476,Fgf13
477,Atp11c
478,Slitrk4
479,Slitrk2
480,Cetn2
481,Xlr4b
482,Bgn
483,L1cam
484,Arhgap4
485,Renbp
486,Flna
487,Pls3
488,Prrg1
489,Tmem47
490,Dmd
491,Il1rapl1
492,Gpr165
493,Ophn1
494,Stard8
495,Efnb1
496,Foxo4
497,Gjb1
498,Phka1
499,Slc16a2
500,Cysltr1
501,Itm2a
502,Sh3bgrl
503,Apool
504,Klhl4
505,Pcdh19
506,Gprasp2
507,Bex2
508,Tceal8
509,Bex1
510,Plp1
511,Il1rapl2
512,Prps1
513,Tsc22d3
514,Col4a6
515,Chrdl1
516,Dcx
517,Trpc5
518,Htr2c
519,Alas2
520,Kctd12b
521,Sat1
522,Prdx4
523,Ap1s2
524,Ace2
525,Bmx
526,Fancb
527,Tmsb4x
528,Tlr7
529,Arhgap6
530,Mid1
531,Pkia
532,Stmn2
533,Hey1
534,Zbtb10
535,Zfp704
536,Pag1
537,Fabp5
538,Fabp4
539,Car2
540,Bhlhe22
541,Cyp7b1
542,Crh
543,Cp
544,Hps3
545,Nceh1
546,Tnfsf10
547,Tmem212
548,Pld1
549,Mecom
550,Gpr160
551,Cldn11
552,Gnb4
553,Pex5l
554,Anxa5
555,Trpc3
556,Fat4
557,Pcdh18
558,Slc7a11
559,Elf2
560,Maml3
561,Foxo1
562,Lhfp
563,Trpc4
564,Dclk1
565,Nbea
566,Tm4sf1
567,Wwtr1
568,Ankub1
569,Rnf13
570,Pfn2
571,P2ry14
572,P2ry13
573,P2ry12
574,Igsf10
575,Arhgef26
576,Gpr149
577,Tiparp
578,Lxn
579,Smc4
580,Bche
581,Serpini1
582,Golim4
583,Fstl5
584,Fnip2
585,Rxfp1
586,Gria2
587,Ctso
588,Map9
589,Rbm46
590,Tlr2
591,Fbxw7
592,Fcrls
593,Fcrl1
594,Pear1
595,Nes
596,Bcan
597,Hapln2
598,Paqr6
599,Syt11
600,Trim46
601,Efna1
602,Pbxip1
603,Adar
604,She
605,Il6ra
606,Slc39a1
607,S100a3
608,S100a4
609,S100a6
610,S100a8
611,S100a9
612,S100a11
613,S100a10
614,Riiad1
615,Tnfaip8l2
616,Sema6c
617,Ctss
618,Adamtsl4
619,Ecm1
620,Tars2
621,Car14
622,Plekho1
623,Sv2a
624,Fcgr1
625,Txnip
626,Itga10
627,Ankrd35
628,Prkab2
629,Notch2
630,Hmgcs2
631,Phgdh
632,Tbx15
633,Fam46c
634,Cd101
635,Ptgfrn
636,Atp1a1
637,Casq2
638,Tspan2
639,Dennd2c
640,Syt6
641,Olfml3
642,Ptpn22
643,Magi3
644,Slc16a1
645,Rhoc
646,Tmigd3
647,Chil3
648,Cd53
649,Slc16a4
650,Slc6a17
651,Strip1
652,Csf1
653,Gstm5
654,Gstm6
655,Gstm1
656,Fam102b
657,Vav3
658,Ntng1
659,Col11a1
660,Olfm3
661,S1pr1
662,Vcam1
663,Gpr88
664,Cdc14a
665,Sass6
666,Frrs1
667,Palmd
668,Alg14
669,F3
670,Arhgap29
671,Bcar3
672,Fnbp1l
673,Pde5a
674,Usp53
675,Synpo2
676,Prss12
677,Ndst3
678,Ndst4
679,Ugt8a
680,Alpk1
681,Enpep
682,Col25a1
683,Etnppl
684,Lef1
685,Sgms2
686,Npnt
687,Slc9b2
688,Slc39a8
689,Bank1
690,Emcn
691,Ddit4l
692,Bmpr1b
693,Gbp5
694,Gbp7
695,Gbp3
696,Gbp2
697,Lmo4
698,Cyr61
699,Ssx2ip
700,Spata1
701,Ttll7
702,Adgrl2
703,Adgrl4
704,Ifi44
705,Pigk
706,St6galnac5
707,St6galnac3
708,Slc44a5
709,Negr1
710,Cth
711,Rpe65
712,Lyn
713,Plag1
714,Penk
715,Car8
716,Chd7
717,Trp53inp1
718,Rad54b
719,Gem
720,Runx1t1
721,Necab1
722,Calb1
723,Mmp16
724,Ttpa
725,Nkain3
726,Pou3f2
727,Fut9
728,Epha7
729,Cnr1
730,Lingo2
731,Ddx58
732,Tmem215
733,B4galt1
734,Ccl27a
735,Phf24
736,Unc13b
737,Cd72
738,Tpm2
739,Tmem8b
740,Hrct1
741,Reck
742,Igfbpl1
743,Trim14
744,Gabbr2
745,Col15a1
746,Tgfbr1
747,Tmeff1
748,Grin3a
749,Smc2
750,Abca1
751,Slc44a1
752,Klf4
753,Frrs1l
754,Ptpn3
755,Palm2
756,Slc31a1
757,Rgs3
758,Col27a1
759,Akna
760,Whrn
761,Tnc
762,Ptprd
763,Lurap1l
764,Nfib
765,Plin2
766,Acer2
767,Slc24a2
768,Mllt3
769,Cdkn2b
770,Elavl2
771,Tek
772,Jun
773,Hook1
774,Nfia
775,Lepr
776,Pde4b
777,Acot11
778,Lrp8
779,Tal1
780,Mknk1
781,Nsun4
782,Pik3r3
783,Ccdc163
784,Btbd19
785,Tie1
786,Slc2a1
787,Zfp691
788,Rims3
789,Zfp69
790,Mfsd2a
791,Hpcal4
792,Heyl
793,Fhl3
794,Cdca8
795,Csf3r
796,Eva1b
797,Sh3d21
798,Ago4
799,Ncdn
800,Zmym1
801,Gja4
802,Tlr12
803,Hpca
804,Marcksl1
805,Lck
806,Fam167b
807,Adgrb2
808,Tinagl1
809,Sdc3
810,Laptm5
811,Ptpru
812,Phactr4
813,Ptafr
814,Themis2
815,Fgr
816,Map3k6
817,Trnp1
818,Sfn
819,Zdhhc18
820,Hmgn2
821,Cd52
822,Grrp1
823,Extl1
824,Stmn1
825,Ldlrap1
826,Clic4
827,Myom3
828,Cnr2
829,Id3
830,Asap3
831,Luzp1
832,C1qb
833,C1qc
834,C1qa
835,Hspg2
836,Alpl
837,Ece1
838,Camk2n1
839,Nbl1
840,Atp13a2
841,Crocc
842,Arhgef19
843,Epha2
844,Fblim1
845,Dhrs3
846,Tnfrsf1b
847,Plod1
848,Dffa
849,Cort
850,Clstn1
851,Pik3cd
852,Slc25a33
853,Slc2a5
854,Errfi1
855,Plekhg5
856,Tnfrsf25
857,Chd5
858,Ajap1
859,Megf6
860,Prdm16
861,Hes5
862,Plch2
863,Gabrd
864,Tmem52
865,Tmem240
866,Vwa1
867,Tmem88b
868,Dvl1
869,Acap3
870,Tnfrsf4
871,Agrn
872,Isg15
873,Cdk6
874,Cdk14
875,Steap4
876,Abcb1a
877,Sema3d
878,Sema3e
879,Cacna2d1
880,Sema3c
881,Cd36
882,Gsap
883,Ccdc146
884,Napepld
885,Reln
886,Lhfpl3
887,Nos3
888,Crygn
889,Dpp6
890,Insig1
891,Cenpa
892,Emilin1
893,Slc30a3
894,Fosl2
895,Yes1
896,Slbp
897,Tacc3
898,Fgfr3
899,Nat8l
900,Zfyve28
901,Sh3bp2
902,Grk4
903,Rgs12
904,Adra2c
905,Htra3
906,Sh3tc1
907,Crmp1
908,Nsg1
909,C1qtnf7
910,Cd38
911,Fgfbp1
912,Prom1
913,Ldb2
914,Qdpr
915,Ncapg
916,Slit2
917,Kcnip4
918,Sod3
919,Lgi2
920,Pi4k2b
921,Stim2
922,Arap2
923,Nwd2
924,Rell1
925,Tlr1
926,Tmem156
927,Rhoh
928,Rbm47
929,Uchl1
930,Kctd8
931,Gabra2
932,Gabrb1
933,Txk
934,Tec
935,Pdgfra
936,Kit
937,Kdr
938,Hopx
939,Igfbp7
940,Adgrl3
941,Tecrl
942,Epha5
943,Uba6
944,Slc4a4
945,Pf4
946,Cxcl1
947,Parm1
948,Art3
949,Cxcl10
950,Sept11
951,Anxa3
952,Bmp2k
953,Paqr3
954,Plac8
955,Hpse
956,Aff1
957,Spp1
958,Lrrc8c
959,Tgfbr3
960,Ephx4
961,Cplx1
962,Dgkq
963,Galnt9
964,Ulk1
965,Chek2
966,Ttc28
967,Miat
968,Cryba4
969,Crybb1
970,Myo18b
971,Crybb3
972,Sgsm1
973,Cmklr1
974,Tmem119
975,Selplg
976,Svop
977,Acacb
978,Kctd10
979,Trpv4
980,Git2
981,Oasl2
982,Cabp1
983,Pxn
984,Cit
985,Hspb8
986,Srrm4
987,Vsig10
988,Nos1
989,Tbx3os1
990,Tbx3
991,Slc8b1
992,Oas2
993,Rph3a
994,Aldh2
995,Acad12
996,Sh2b3
997,Cux2
998,Myl2
999,Hvcn1
1000,P2rx7
1001,Camkk2
1002,Pitpnm2
1003,Dnah10
1004,Scarb1
1005,Tmem132c
1006,Tmem132d
1007,Fzd10
1008,Rimbp2
1009,Phkg1
1010,Gusb
1011,Caln1
1012,Ncf1
1013,Lat2
1014,Eln
1015,Stx1a
1016,Mlxipl
1017,Srrm3
1018,Hspb1
1019,Sh2b2
1020,Col26a1
1021,Vgf
1022,Serpine1
1023,Trim56
1024,Ache
1025,Ephb4
1026,Actl6b
1027,Pcolce
1028,Tsc22d4
1029,Pilra
1030,Gjc3
1031,Gpr146
1032,Gper1
1033,Lfng
1034,Ttyh3
1035,Sdk1
1036,Radil
1037,Mmd2
1038,Actb
1039,Cyth3
1040,Tmem130
1041,Trrap
1042,Rasl11a
1043,Lnx2
1044,Pan3
1045,Flt1
1046,Slc46a3
1047,Slc7a1
1048,Alox5ap
1049,Hsph1
1050,Fry
1051,Kl
1052,Samd9l
1053,Gng11
1054,Col1a2
1055,Pon3
1056,Dlx6os1
1057,Dlx5
1058,Tac1
1059,Nxph1
1060,Thsd7a
1061,Foxp2
1062,Mdfic
1063,Tes
1064,Cav2
1065,Cav1
1066,Cttnbp2
1067,Kcnd2
1068,Cped1
1069,Ptprz1
1070,Cadps2
1071,Gpr37
1072,Grm8
1073,Gcc1
1074,Prrt4
1075,Impdh1
1076,Kcp
1077,Irf5
1078,Podxl
1079,Cald1
1080,Tmem140
1081,Slc13a4
1082,Fam180a
1083,Chrm2
1084,Ptn
1085,Zc3hav1
1086,Tbxas1
1087,Parp12
1088,Kdm7a
1089,Clec5a
1090,Cntnap2
1091,Rarres2
1092,Gimap8
1093,Gimap4
1094,Gimap6
1095,Gimap5
1096,Tmem176a
1097,Gpnmb
1098,Npy
1099,Osbpl3
1100,Tril
1101,Nod1
1102,Ggct
1103,Adcyap1r1
1104,Neurod6
1105,Herc6
1106,Abcg2
1107,Nap1l5
1108,Fam13a
1109,Snca
1110,Hpgds
1111,Ndnf
1112,Prdm5
1113,Cd8b1
1114,Reep1
1115,Vamp5
1116,Capg
1117,Tmsb10
1118,Dnah6
1119,Lrrtm4
1120,Eva1a
1121,Hk2
1122,Dqx1
1123,Sfxn5
1124,Egr4
1125,Tprkb
1126,Add2
1127,Asprv1
1128,Mxd1
1129,Anxa4
1130,Gkn3
1131,Arhgap25
1132,Gp9
1133,H1fx
1134,Gata2
1135,Mgll
1136,Podxl2
1137,Aldh1l1
1138,Iqsec1
1139,Fbln2
1140,Slc6a6
1141,Fgd5
1142,Trh
1143,Adamts9
1144,Lrig1
1145,Fam19a1
1146,Eogt
1147,Foxp1
1148,Gpr27
1149,Pdzrn3
1150,Chl1
1151,Itpr1
1152,Bhlhe40
1153,Edem1
1154,Grm7
1155,Lmcd1
1156,Lhfpl4
1157,Cpne9
1158,Brpf1
1159,Ttll3
1160,Atp2b2
1161,Slc6a11
1162,Slc6a1
1163,Syn2
1164,Plxnd1
1165,Alox5
1166,Rassf4
1167,Tmem72
1168,Cxcl12
1169,Rasgef1a
1170,Ret
1171,Cacna1c
1172,Il17ra
1173,Cecr2
1174,Slc25a18
1175,Usp18
1176,Slc6a13
1177,Iqsec3
1178,A2m
1179,Mfap5
1180,Apobec1
1181,C3ar1
1182,Clec4a1
1183,Clec4a3
1184,Clec4a2
1185,Clec4n
1186,Clec4d
1187,Cd163
1188,Clstn3
1189,C1s1
1190,Ptpn6
1191,Eno2
1192,Cdca3
1193,Lag3
1194,Vamp1
1195,Cd27
1196,Ltbr
1197,Cd9
1198,Vwf
1199,Kcna1
1200,Ccnd2
1201,Prmt8
1202,Clec2i
1203,Clec2d
1204,Clec1a
1205,Klre1
1206,Klrd1
1207,Klrk1
1208,Klra2
1209,Cdkn1b
1210,Apold1
1211,Emp1
1212,Grin2b
1213,Hist4h4
1214,Mgp
1215,Arhgdib
1216,Eps8
1217,Mgst1
1218,Lmo3
1219,Pde3a
1220,Slco1c1
1221,Slco1a4
1222,Kcnj8
1223,Abcc9
1224,Sox5
1225,Lrmp
1226,Lmntd1
1227,Bhlhe41
1228,Itpr2
1229,Arntl2
1230,Ppfibp1
1231,Rep15
1232,Far2
1233,Tmtc1
1234,Fam60a
1235,Dennd5b
1236,Prkcg
1237,Pirb
1238,Lair1
1239,Ttyh1
1240,Tnni3
1241,Syt5
1242,Tmem238
1243,Peg3
1244,Slc8a2
1245,C5ar2
1246,C5ar1
1247,Npas1
1248,Slc1a5
1249,Fkrp
1250,Prkd2
1251,Mill2
1252,Pglyrp1
1253,Fbxo46
1254,Gpr4
1255,Fosb
1256,Ercc2
1257,Relb
1258,Apoc1
1259,Apoe
1260,Bcam
1261,Bcl3
1262,Pvr
1263,Plaur
1264,Cd79a
1265,Atp1a3
1266,Grik5
1267,Pou2f2
1268,Tmem145
1269,Megf8
1270,Lipe
1271,Ceacam1
1272,Tgfb1
1273,Axl
1274,Ltbp4
1275,Sptbn4
1276,Blvrb
1277,Sertad1
1278,Pld3
1279,Ttc9b
1280,Zfp626
1281,Plekhg2
1282,Zfp36
1283,Sirt2
1284,Lgals4
1285,Rasgrp4
1286,Kcnk6
1287,Spint2
1288,Ppp1r14a
1289,Tyrobp
1290,Hcst
1291,Nfkbid
1292,Aplp1
1293,Proser3
1294,Kmt2b
1295,Mag
1296,Lsr
1297,Fxyd5
1298,Fxyd7
1299,Fxyd1
1300,Lgi4
1301,Hpn
1302,Wtip
1303,Cebpa
1304,Slc7a10
1305,Rhpn2
1306,Vstm2b
1307,Zfp715
1308,Cd33
1309,Siglece
1310,Klk8
1311,Klk6
1312,Clec11a
1313,Josd2
1314,Atf5
1315,Rras
1316,Fcgrt
1317,Flt3l
1318,Slc17a7
1319,Dkkl1
1320,Tead2
1321,Cd37
1322,Lin7b
1323,Ftl1
1324,Ppp1r15a
1325,Rasip1
1326,Mamstr
1327,Lmtk3
1328,Emp3
1329,Abcc6
1330,Nomo1
1331,Abcc8
1332,Kcnc1
1333,Saa3
1334,Saa2
1335,Ldha
1336,Ptpn5
1337,Nell1
1338,Luzp2
1339,Siglech
1340,Gabrg3
1341,Gabrb3
1342,Atp10a
1343,Ndn
1344,Lrrk1
1345,Synm
1346,Igf1r
1347,Arrdc4
1348,Nr2f2
1349,Rgma
1350,Slco3a1
1351,Sv2b
1352,AU020206
1353,Klhl25
1354,Mfge8
1355,Abhd2
1356,Anpep
1357,Zfp710
1358,Prc1
1359,Fes
1360,Iqgap1
1361,Cpeb1
1362,Tm6sf1
1363,Adamtsl3
1364,Il16
1365,Cemip
1366,Grm5
1367,Ctsc
1368,Fzd4
1369,Prss23
1370,Picalm
1371,Gab2
1372,Thrsp
1373,Aqp11
1374,Serpinh1
1375,Gdpd5
1376,Arrb1
1377,Slco2b1
1378,Rnf169
1379,Pgm2l1
1380,Ucp3
1381,Ucp2
1382,Arhgef17
1383,P2ry6
1384,Fchsd2
1385,Pde2a
1386,Folr2
1387,Folr1
1388,Olfr558
1389,Trim6
1390,Trim34a
1391,Trim5
1392,Trim12a
1393,Trim12c
1394,Trim30b
1395,Trim30a
1396,Trim30d
1397,Cckbr
1398,Dnhd1
1399,Scube2
1400,Adm
1401,Ampd3
1402,Mrvi1
1403,Galnt18
1404,Dkk3
1405,Mical2
1406,Tead1
1407,Spon1
1408,Pde3b
1409,Calca
1410,Sox6
1411,Xylt1
1412,Smg1
1413,Itpripl2
1414,Tmc7
1415,Ccp110
1416,Dcun1d3
1417,Lyrm1
1418,Dnah3
1419,Crym
1420,Vwa3a
1421,Polr3e
1422,Igsf6
1423,Hs3st2
1424,Cacng3
1425,Hs3st4
1426,Il4ra
1427,Il21r
1428,Lat
1429,Nupr1
1430,Sult1a1
1431,Coro1a
1432,Gdpd3
1433,Tbx6
1434,Fam57b
1435,Kctd13
1436,Sez6l2
1437,AI467606
1438,Qprt
1439,Fbxl19
1440,Stx1b
1441,Pycard
1442,Itgad
1443,Cox6a2
1444,Rgs10
1445,Htra1
1446,Gpr26
1447,Edrf1
1448,Adam12
1449,Mki67
1450,Mgmt
1451,Ebf3
1452,Pwwp2b
1453,Nkx6-2
1454,Adam8
1455,Caly
1456,Cyp2e1
1457,Ifitm2
1458,Ifitm1
1459,Ifitm3
1460,Ifitm6
1461,B4galnt4
1462,Sigirr
1463,Rnh1
1464,Irf7
1465,Eps8l2
1466,Slc25a22
1467,Cracr2b
1468,Cd151
1469,Mob2
1470,Ifitm10
1471,Ctsd
1472,Tnni2
1473,Lsp1
1474,Igf2
1475,Tspan32
1476,Cdkn1c
1477,Ano1
1478,Ccnd1
1479,Tpcn2
1480,Plekhg1
1481,Akap12
1482,Myct1
1483,Vip
1484,Lrp11
1485,Sash1
1486,Rab32
1487,Grm1
1488,Utrn
1489,Phactr2
1490,Hivep2
1491,Cited2
1492,Nhsl1
1493,Perp
1494,Ifngr1
1495,Pde7b
1496,Ahi1
1497,Sgk1
1498,Slc2a12
1499,Ctgf
1500,Arg1
1501,Epb41l2
1502,L3mbtl3
1503,Lama2
1504,Ptprk
1505,Rspo3
1506,Hey2
1507,Dse
1508,Frk
1509,Marcks
1510,Lama4
1511,Fyn
1512,Cdk19
1513,Mical1
1514,Cd24a
1515,Prdm1
1516,Lilrb4a
1517,Pln
1518,Mcm9
1519,Man1a
1520,Gja1
1521,Hsf2
1522,Pkib
1523,Fabp7
1524,Sept10
1525,Ddit4
1526,Spock2
1527,Cdh23
1528,Unc5b
1529,Pald1
1530,Nodal
1531,Col13a1
1532,Srgn
1533,Rhobtb1
1534,Ank3
1535,Slc16a9
1536,Bicc1
1537,Pcdh15
1538,Bcr
1539,Adora2a
1540,Ggt1
1541,Ggt5
1542,Gstt2
1543,Chchd10
1544,S100b
1545,Col6a1
1546,Slc19a1
1547,Itgb2
1548,Lrrc3
1549,Trpm2
1550,Icosl
1551,Cstb
1552,Pdxk
1553,Syde1
1554,Bsg
1555,Hcn2
1556,Palm
1557,Cnn2
1558,Abca7
1559,Sbno2
1560,Adamtsl5
1561,Gadd45b
1562,Matk
1563,Pip5k1c
1564,Tbxa2r
1565,Mfsd12
1566,Celf5
1567,S1pr4
1568,Gna15
1569,Appl2
1570,Nuak1
1571,Rfx4
1572,Btbd11
1573,Timp3
1574,Igf1
1575,Pmch
1576,Rmst
1577,Cfap54
1578,Cdk17
1579,Elk3
1580,Ntn4
1581,Fgd6
1582,Socs2
1583,Btg1
1584,Dcn
1585,Lum
1586,Dusp6
1587,Kitl
1588,Mgat4c
1589,Nts
1590,Rassf9
1591,Lrriq1
1592,Tmtc2
1593,Lin7a
1594,Syt1
1595,Nav3
1596,Csrp2
1597,Phlda1
1598,Kcnc2
1599,Trhde
1600,Ptprr
1601,Ptprb
1602,Lyz2
1603,Grip1
1604,Rassf3
1605,Ppm1h
1606,Fam19a2
1607,Agap2
1608,Slc26a10
1609,Arhgef25
1610,Stac3
1611,Ndufa4l2
1612,Lrp1
1613,Tac2
1614,Zbtb39
1615,Timeless
1616,Stat2
1617,Pan2
1618,Myl6b
1619,Esyt1
1620,Cdk2
1621,Dgka
1622,Rdh5
1623,Insr
1624,Pnpla6
1625,Stxbp2
1626,Mcemp1
1627,Fcer2a
1628,Cers4
1629,Efnb2
1630,Fam155a
1631,Col4a1
1632,Col4a2
1633,Mcf2l
1634,F10
1635,Tdrp
1636,Kbtbd11
1637,Csmd1
1638,Angpt2
1639,Thsd1
1640,Plat
1641,Zmat4
1642,Adgra2
1643,Rab11fip1
1644,Unc5d
1645,Rbpms
1646,Ppp1r3b
1647,Mfhas1
1648,Dlc1
1649,Sgcz
1650,Tusc3
1651,Msr1
1652,Slc7a2
1653,Mtus1
1654,Tlr3
1655,Sorbs2
1656,Pdlim3
1657,Ankrd37
1658,Enpp6
1659,Cldn22
1660,Tenm3
1661,Hpgd
1662,Scrg1
1663,Hmgb2
1664,Palld
1665,Ddx60
1666,Spock3
1667,Cpe
1668,Tma16
1669,Npy5r
1670,Npy1r
1671,Nat1
1672,Lpl
1673,Lzts1
1674,Atp13a1
1675,Hapln4
1676,Ncan
1677,Tmem59l
1678,Ell
1679,Isyna1
1680,Gdf15
1681,Pde4c
1682,Rab3a
1683,Mast3
1684,Haus8
1685,Ushbp1
1686,Plvap
1687,Bst2
1688,Slc27a1
1689,Unc13a
1690,Jak3
1691,Fcho1
1692,Tpm4
1693,Klf2
1694,Tmem38a
1695,Nwd1
1696,Hmox1
1697,Rasd2
1698,Ednra
1699,Gab1
1700,Inpp4b
1701,Il15
1702,Rnf150
1703,Gipc1
1704,Adgre5
1705,Adgrl1
1706,Cacna1a
1707,Ier2
1708,Lyl1
1709,Dnase2a
1710,Junb
1711,Man2b1
1712,Mylk3
1713,Adcy7
1714,Nkd1
1715,Snx20
1716,Sall1
1717,Tox3
1718,Lpcat2
1719,Mt3
1720,Mt2
1721,Mt1
1722,Nup93
1723,Nlrc5
1724,Pllp
1725,Cx3cl1
1726,Dok4
1727,Adgrg3
1728,Ndrg4
1729,Cdh8
1730,Cdh5
1731,Rrad
1732,Cbfb
1733,Hsf4
1734,Exoc3l
1735,Slc9a5
1736,Tppp3
1737,Gfod2
1738,Pla2g15
1739,Zfhx3
1740,Hp
1741,Calb2
1742,Mtss1l
1743,Il34
1744,Cntnap4
1745,Maf
1746,Dynlrb2
1747,Plcg2
1748,Cdh13
1749,Wfdc1
1750,Cotl1
1751,Slc7a5
1752,Car5a
1753,Cyba
1754,Piezo1
1755,Cbfa2t3
1756,Agt
1757,Sipa1l2
1758,Ntpcr
1759,Nrp1
1760,Flnb
1761,Fam107a
1762,Fhit
1763,Ptprg
1764,Synpr
1765,Atxn7
1766,Rarb
1767,Thrb
1768,Nid2
1769,Gng2
1770,Anxa7
1771,Vcl
1772,Adk
1773,Kcnma1
1774,Zmiz1
1775,Zcchc24
1776,Anxa11
1777,Dnah12
1778,Il17rd
1779,Arhgef3
1780,Fam208a
1781,Erc2
1782,Cacna2d3
1783,Lrtm1
1784,Prkcd
1785,Mustn1
1786,Itih3
1787,Stab1
1788,Tnnc1
1789,Sema3g
1790,Hacl1
1791,Galnt15
1792,Vstm4
1793,Wdfy4
1794,Arhgap22
1795,Syt15
1796,Sncg
1797,Mmrn2
1798,Nrg3
1799,Bmp4
1800,Gch1
1801,Lgals3
1802,Slc35f4
1803,Rnase4
1804,Ndrg2
1805,Rpgrip1
1806,Supt16
1807,Ajuba
1808,Slc22a17
1809,Cmtm5
1810,Cpne6
1811,Psme1
1812,Irf9
1813,Adcy4
1814,Nfatc4
1815,Parp4
1816,Gjb6
1817,Fgf9
1818,Phf11b
1819,Setdb2
1820,Cab39l
1821,Tnfrsf19
1822,Sacs
1823,Arl11
1824,Ctsb
1825,Extl3
1826,Clu
1827,Stmn4
1828,Pnma2
1829,Nefm
1830,Nefl
1831,Slc25a37
1832,Pdlim2
1833,Sorbs3
1834,Phyhip
1835,Bmp1
1836,Lgi3
1837,Fam160b2
1838,Gfra2
1839,Cysltr2
1840,Rcbtb2
1841,Lpar6
1842,Lcp1
1843,Tsc22d1
1844,Lacc1
1845,Epsti1
1846,Rgcc
1847,Pcdh17
1848,Pcdh9
1849,Dach1
1850,Klf5
1851,Klf12
1852,Tbc1d4
1853,Lmo7
1854,Kctd12
1855,Slain1
1856,Ednrb
1857,Spry2
1858,Gpc5
1859,Gpc6
1860,Abcc4
1861,Cldn10
1862,Farp1
1863,Dock9
1864,Gpr183
1865,Zic2
1866,Pcca
1867,Casp4
1868,Casp12
1869,Pdgfd
1870,Dync2h1
1871,Mmp12
1872,Tmem123
1873,Birc3
1874,Trpc6
1875,Arhgap42
1876,Cntn5
1877,Maml2
1878,Mtmr2
1879,Amotl1
1880,Smco4
1881,Fat3
1882,Naalad2
1883,Icam1
1884,Icam5
1885,Tyk2
1886,Pde4a
1887,AB124611
1888,Kank2
1889,Dock6
1890,Elavl3
1891,Cnn1
1892,Acp5
1893,Anln
1894,Opcml
1895,Ntm
1896,St14
1897,Fli1
1898,Ets1
1899,St3gal4
1900,Slc37a2
1901,Robo4
1902,Robo3
1903,Msantd2
1904,Esam
1905,Vsig2
1906,Nrgn
1907,Scn3b
1908,Clmp
1909,Ubash3b
1910,Sorl1
1911,Oaf
1912,Thy1
1913,Mcam
1914,Ccdc153
1915,Cd3d
1916,Scn2b
1917,Scn4b
1918,Il10ra
1919,Fxyd6
1920,Tagln
1921,Nxpe2
1922,Nxpe4
1923,Zbtb16
1924,Ncam1
1925,Bco2
1926,Hspb2
1927,Cryab
1928,Layn
1929,AI593442
1930,Rab39
1931,Slc35f2
1932,Elmod1
1933,Acsbg1
1934,Lingo1
1935,Cspg4
1936,Ppcdc
1937,Rpp25
1938,Cplx3
1939,Arid3b
1940,Sema7a
1941,Stra6
1942,Islr
1943,Islr2
1944,Pml
1945,Hexa
1946,Parp6
1947,Myo9a
1948,Thsd4
1949,Uaca
1950,Kif23
1951,Paqr5
1952,Calml4
1953,Smad6
1954,Dennd4a
1955,Rasl12
1956,Rbpms2
1957,Fbxl22
1958,Rab8b
1959,Tpm1
1960,Anxa2
1961,Fam81a
1962,Myo1e
1963,Aldh1a2
1964,Cgnl1
1965,Unc13c
1966,Scg3
1967,Bmp5
1968,Mlip
1969,Gsta4
1970,Col12a1
1971,Fam46a
1972,Dopey1
1973,Tbx18
1974,Bcl2a1d
1975,Bcl2a1a
1976,Rasgrf1
1977,Ctsh
1978,Zic1
1979,Zic4
1980,Plscr1
1981,Plscr2
1982,Plscr4
1983,Slc9a9
1984,Chst2
1985,Clstn2
1986,Rbp1
1987,Slco2a1
1988,Bfsp2
1989,Tmem108
1990,Cpne4
1991,Alas1
1992,Hyal2
1993,Slc38a3
1994,Camkv
1995,Traip
1996,Uba7
1997,Fam212a
1998,Bsn
1999,Gpx1
2000,Lamb2
2001,Col7a1
2002,Shisa5
2003,Plxnb1
2004,Cspg5
2005,Ngp
2006,Klhl18
2007,Nbeal2
2008,Pth1r
2009,Als2cl
2010,Ccrl2
2011,Trank1
2012,Arpp21
2013,Clasp2
2014,Cmtm6
2015,Cmtm7
2016,Cmtm8
2017,Tgfbr2
2018,Rbms3
2019,Cx3cr1
2020,Mobp
2021,Myrip
2022,Ctnnb1
2023,Cck
2024,Vipr1
2025,Clec3b
2026,Tmem158
2027,Lars2
2028,Limd1
2029,Slc6a20a
2030,Ccr1
2031,Ccr2
2032,Ccr5
2033,Sfi1
2034,Pla2g3
2035,Smtn
2036,Morc2a
2037,Gatsl3
2038,Osm
2039,Nefh
2040,Emid1
2041,Kremen1
2042,Aebp1
2043,Camk2b
2044,Ramp3
2045,Adcy1
2046,Igfbp3
2047,Tns3
2048,Vwc2
2049,Ikzf1
2050,Ddc
2051,Grb10
2052,Vstm2a
2053,Egfr
2054,Plek
2055,Vps54
2056,Rel
2057,Bcl11a
2058,Vrk2
2059,Ccdc85a
2060,Efemp1
2061,Prorsd1
2062,Sptbn1
2063,Nsg2
2064,Lcp2
2065,Dock2
2066,Tenm2
2067,Gabrg2
2068,Gabra1
2069,Ebf1
2070,Lsm11
2071,Cyfip2
2072,Havcr2
2073,Irgm1
2074,9930111J21Rik2
2075,Flt4
2076,Scgb3a1
2077,Ltc4s
2078,Col23a1
2079,Nhp2
2080,Fstl4
2081,Shroom1
2082,Acsl6
2083,Rapgef6
2084,Gpx3
2085,Slc36a1
2086,Gria1
2087,Irgm2
2088,Fam183b
2089,Nlrp3
2090,Rasd1
2091,Tnfrsf13b
2092,Slc47a1
2093,Rnf112
2094,Epn2
2095,Grap
2096,Trim16
2097,Hs3st3a1
2098,Dnah9
2099,Usp43
2100,Ntn1
2101,Pik3r5
2102,Pik3r6
2103,Arhgef15
2104,Chd3os
2105,Kdm6b
2106,Efnb3
2107,Atp1b2
2108,Cd68
2109,Bcl6b
2110,Arrb2
2111,Cxcl16
2112,Zmynd15
2113,Eno3
2114,Nlrp1b
2115,Xaf1
2116,Atp2a3
2117,Aspa
2118,Hic1
2119,Rtn4rl1
2120,Serpinf1
2121,Scarf1
2122,Nxn
2123,Ssh2
2124,Coro6
2125,Ankrd13b
2126,Sez6
2127,Traf4
2128,Tlcd1
2129,Proca1
2130,Aldoc
2131,Vtn
2132,Tnfaip1
2133,Lgals9
2134,Adap2
2135,Adap2os
2136,Cdk5r1
2137,Tmem98
2138,Asic2
2139,Ccl2
2140,Ccl7
2141,Ccl11
2142,Ccl12
2143,Ccl8
2144,Rffl
2145,Unc45b
2146,Slfn5
2147,Slfn8
2148,Slfn2
2149,Slfn1
2150,Slfn4
2151,Rasl10b
2152,Ccl5
2153,Ccl9
2154,Ccl6
2155,Ccl3
2156,Ccl4
2157,Wfdc17
2158,Myo19
2159,Car4
2160,Bcas3
2161,Tbx2
2162,Tbx4
2163,Sept4
2164,Dynll2
2165,Msi2
2166,Trim25
2167,Dgke
2168,Tmem100
2169,Hlf
2170,Car10
2171,Abcc3
2172,Acsf2
2173,Col1a1
2174,Nxph3
2175,Abi3
2176,Gngt2
2177,Skap1
2178,Copz2
2179,Tbkbp1
2180,Srcin1
2181,Mllt6
2182,Plxdc1
2183,Arl5c
2184,Erbb2
2185,Grb7
2186,Nr1d1
2187,Top2a
2188,Igfbp4
2189,Ttc25
2190,Cnp
2191,Stat5a
2192,Psmc3ip
2193,Cntnap1
2194,Ramp2
2195,Aoc2
2196,Ifi35
2197,Vat1
2198,Rnd2
2199,Tmem106a
2200,Rdm1
2201,Arl4d
2202,Etv4
2203,Meox1
2204,Dusp3
2205,Cd300lg
2206,Grn
2207,Fam171a2
2208,Adam11
2209,Gjc1
2210,Higd1b
2211,Gfap
2212,C1ql1
2213,Fmnl1
2214,Arhgap27
2215,Arhgap27os2
2216,Arhgap27os1
2217,Rprml
2218,Itgb3
2219,Mrc2
2220,Cyb561
2221,Limd2
2222,Cd79b
2223,Icam2
2224,Pecam1
2225,Milr1
2226,Pitpnc1
2227,Cacng4
2228,Axin2
2229,Rgs9
2230,Slc16a6
2231,Fam20a
2232,Abca9
2233,Kcnj2
2234,Sox9
2235,Cdc42ep4
2236,Sdk2
2237,Ttyh2
2238,Btbd17
2239,Gprc5c
2240,Cd300a
2241,Cd300lf
2242,Slc9a3r1
2243,Grin2c
2244,Hid1
2245,Gga3
2246,Caskin2
2247,Recql5
2248,Unk
2249,Trim47
2250,Foxj1
2251,Rhbdf2
2252,Cygb
2253,St6galnac2
2254,Mxra7
2255,Tmc6
2256,Birc5
2257,Tha1
2258,Socs3
2259,Timp2
2260,Engase
2261,Rbfox3
2262,Gaa
2263,Rnf213
2264,Nptx1
2265,Baiap2
2266,Myadml2
2267,Notum
2268,Notumos
2269,Lrrc45
2270,Cbr2
2271,Cd7
2272,Fn3krp
2273,Net1
2274,Klf6
2275,Adarb2
2276,Ryr2
2277,Actn2
2278,Nid1
2279,Lyst
2280,Hecw1
2281,Gli3
2282,Pou6f2
2283,Hist1h1b
2284,Hist1h2ae
2285,Hist1h2bc
2286,Hist1h1c
2287,Aldh5a1
2288,Gpld1
2289,Dcdc2a
2290,Sox4
2291,Mboat1
2292,Foxq1
2293,Foxf2
2294,Foxc1
2295,Serpinb1a
2296,Serpinb9
2297,Tubb2a
2298,Tubb2b
2299,Pxdc1
2300,Nrn1
2301,F13a1
2302,Ly86
2303,Rreb1
2304,Tfap2a
2305,Gcnt2
2306,Edn1
2307,Phactr1
2308,Cd83
2309,Mylip
2310,Rnf144b
2311,Id4
2312,Susd3
2313,Fgd3
2314,Ippk
2315,Ecm2
2316,Aspn
2317,Ogn
2318,S1pr3
2319,Cks2
2320,Gadd45g
2321,Diras2
2322,Syk
2323,Cplx2
2324,Sncb
2325,Unc5a
2326,Hk3
2327,Fam193b
2328,Tifab
2329,Cxcl14
2330,Tgfbi
2331,Spock1
2332,Golm1
2333,Dapk1
2334,Ctla2b
2335,Ctla2a
2336,Ptch1
2337,Slc35d2
2338,Ctsl
2339,Zfp595
2340,Adcy2
2341,Nkd2
2342,Gpr150
2343,Mef2c
2344,Edil3
2345,Vcan
2346,Lhfpl2
2347,Scamp1
2348,Crhbp
2349,Iqgap2
2350,Sv2c
2351,Polk
2352,Col4a3bp
2353,Gcnt4
2354,Hexb
2355,Enc1
2356,Foxd1
2357,Zfp366
2358,Map1b
2359,Cartpt
2360,Serf1
2361,Naip2
2362,Naip5
2363,Naip6
2364,Gtf2h2
2365,Ocln
2366,Ccnb1
2367,Cd180
2368,Adamts6
2369,Elovl7
2370,Pde4d
2371,Rab3c
2372,Plk2
2373,Map3k1
2374,Il6st
2375,Gpx8
2376,Hspb3
2377,Arl15
2378,Itga1
2379,Emb
2380,Hcn1
2381,Pomc
2382,Efr3b
2383,Vsnl1
2384,Ntsr2
2385,Kcnf1
2386,Hpcal1
2387,Klf11
2388,Rrm2
2389,Id2
2390,Rsad2
2391,Sox11
2392,Myt1l
2393,Lamb1
2394,Gpr22
2395,Pik3cg
2396,Nampt
2397,Tspan13
2398,Sostdc1
2399,Agmo
2400,Dgkb
2401,Etv1
2402,Arl4a
2403,Dock4
2404,Lrrn3
2405,Nrcam
2406,Prkd1
2407,Coch
2408,Heatr5a
2409,Npas3
2410,Baz1a
2411,Nfkbia
2412,Clec14a
2413,Lrfn5
2414,Mis18bp1
2415,Vcpkmt
2416,Trim9
2417,Rtn1
2418,Prkch
2419,Kcnh5
2420,Rhoj
2421,Syne2
2422,Rab15
2423,Actn1
2424,Pcnx
2425,Sipa1l1
2426,Rgs6
2427,Dpf3
2428,Numb
2429,Prox2os
2430,Pgf
2431,Fos
2432,Tmem63c
2433,Nrxn3
2434,Dio2
2435,Flrt2
2436,Gpr65
2437,Eml5
2438,Fbln5
2439,Rin3
2440,Lgmn
2441,Chga
2442,Asb2
2443,Ifi27l2a
2444,Serpina3n
2445,Clmn
2446,Ak7
2447,Bcl11b
2448,Cyp46a1
2449,Degs2
2450,Begain
2451,Meg3
2452,Amn
2453,Tnfaip2
2454,Kif26a
2455,Tmem179
2456,Inf2
2457,Pld4
2458,Jag2
2459,Nudt14
2460,Crip2
2461,Crip1
2462,Esyt2
2463,Rapgef5
2464,Ghr
2465,Plcxd3
2466,Dab2
2467,Fyb
2468,Osmr
2469,Egflam
2470,Slc1a3
2471,Ranbp3l
2472,Il7r
2473,Prlr
2474,Rai14
2475,Npr3
2476,Pdzd2
2477,Cdh9
2478,Cdh12
2479,Cdh18
2480,Basp1
2481,Myo10
2482,Fbxl7
2483,Fam105a
2484,Dap
2485,Sema5a
2486,Sdc2
2487,Cpq
2488,Baalc
2489,Fzd6
2490,Cthrc1
2491,Kcnv1
2492,Trps1
2493,Ext1
2494,Mal2
2495,Nov
2496,Enpp2
2497,Sntb1
2498,Atad2
2499,Mtss1
2500,Tmem71
2501,Sla
2502,Ndrg1
2503,St3gal1
2504,Dennd3
2505,Adgrb1
2506,Ly6d
2507,Ly6e
2508,Ly6a
2509,Ly6c1
2510,Ly6h
2511,Gsdmd
2512,Naprt
2513,Plec
2514,Parp10
2515,Mroh1
2516,Slc52a2
2517,Zfp7
2518,Myh9
2519,Pvalb
2520,Ncf4
2521,Csf2rb
2522,Il2rb
2523,Sstr3
2524,Rac2
2525,Cyth4
2526,Mfng
2527,Card10
2528,Lgals1
2529,Sox10
2530,Pla2g6
2531,Maff
2532,Kcnj4
2533,Nptxr
2534,Apobec3
2535,Cbx7
2536,Pdgfb
2537,Syngr1
2538,Mchr1
2539,Desi1
2540,Sept3
2541,Cyp2d22
2542,Nfam1
2543,Cyb5r3
2544,A4galt
2545,Tspo
2546,Scube1
2547,Parvb
2548,Parvg
2549,Fbln1
2550,Ttc38
2551,Pim3
2552,Mlc1
2553,Tubgcp6
2554,Mapk12
2555,Mapk11
2556,Plxnb2
2557,Odf3b
2558,Mapk8ip2
2559,Shank3
2560,Abcd2
2561,Slc2a13
2562,Cntn1
2563,Pdzrn4
2564,Prickle1
2565,Nell2
2566,Dbx2
2567,Arid2
2568,Slc38a1
2569,Slc38a2
2570,Rapgef3
2571,Hdac7
2572,Cacnb3
2573,Rnd1
2574,Ddn
2575,Kmt2d
2576,Tuba1a
2577,Kcnh3
2578,Fmnl3
2579,Faim2
2580,Gpd1
2581,Lima1
2582,Pou6f1
2583,Smagp
2584,Bin2
2585,Acvrl1
2586,Grasp
2587,Nr4a1
2588,Tns2
2589,Igfbp6
2590,Itgb7
2591,Gpr84
2592,Nckap1l
2593,Pde1b
2594,AU021092
2595,Rbfox1
2596,Grin2a
2597,Emp2
2598,Zc3h7a
2599,Tnfrsf17
2600,Mkl2
2601,Myh11
2602,Ppm1f
2603,Tmem191c
2604,Pi4ka
2605,Slc7a4
2606,Scarf2
2607,Prodh
2608,Rtn4r
2609,Tbx1
2610,Cldn5
2611,B3gnt5
2612,Klhl6
2613,Fam131a
2614,Chrd
2615,Vps8
2616,Liph
2617,St6gal1
2618,Rtp4
2619,Sst
2620,Lpp
2621,P3h2
2622,Atp13a5
2623,Atp13a4
2624,Hes1
2625,Fam43a
2626,Apod
2627,Tfrc
2628,Tnk2
2629,Osbpl11
2630,Heg1
2631,Itgb5
2632,Kalrn
2633,Ccdc14
2634,Mylk
2635,Parp14
2636,Dtx3l
2637,Parp9
2638,Cd86
2639,Slc15a2
2640,Hcls1
2641,Stxbp5l
2642,Fstl1
2643,Pla1a
2644,Arhgap31
2645,B4galt4
2646,Igsf11
2647,Lsamp
2648,Gap43
2649,Cfap44
2650,Cd200
2651,Tagln3
2652,Phldb2
2653,Retnlg
2654,Alcam
2655,Abi3bp
2656,Filip1l
2657,St3gal6
2658,Cpox
2659,Crybg3
2660,Epha6
2661,Pros1
2662,Epha3
2663,Htr1f
2664,Cadm2
2665,Gbe1
2666,Robo2
2667,Samsn1
2668,Jam2
2669,App
2670,Cyyr1
2671,Adamts1
2672,Map3k7cl
2673,Grik1
2674,Tiam1
2675,Olig2
2676,Olig1
2677,Il10rb
2678,Ifnar1
2679,Runx1
2680,Erg
2681,Ets2
2682,Psmg1
2683,Igsf5
2684,Pcp4
2685,Prdm15
2686,C2cd2
2687,Ezr
2688,Rnaset2b
2689,Tagap
2690,Pde10a
2691,Airn
2692,Smoc2
2693,Prdm9
2694,Lix1
2695,Zfp760
2696,Mmp25
2697,Tnfrsf12a
2698,Prss27
2699,Eci1
2700,Dnase1l2
2701,Pkd1
2702,Tsc2
2703,Slc9a3r2
2704,Syngr3
2705,Noxo1
2706,Msrb1
2707,Tmem204
2708,Sox8
2709,Gng13
2710,Arhgdig
2711,Dusp1
2712,Phf1
2713,Syngap1
2714,Itpr3
2715,Anks1
2716,Def6
2717,Ppard
2718,Fkbp5
2719,Cdkn1a
2720,Cpne5
2721,Fgd2
2722,Pim1
2723,Rsph1
2724,Cbs
2725,Sik1
2726,Notch3
2727,Ephx3
2728,Rasal3
2729,Cyp4f15
2730,Adamts10
2731,Myo1f
2732,Angptl4
2733,Kank3
2734,Rgl2
2735,H2-K1
2736,H2-Oa
2737,H2-DMa
2738,H2-DMb2
2739,H2-DMb1
2740,Psmb9
2741,Tap1
2742,Psmb8
2743,H2-Ob
2744,H2-Ab1
2745,H2-Aa
2746,H2-Eb1
2747,Notch4
2748,Ager
2749,Egfl8
2750,Tnxb
2751,C4b
2752,Hspa1b
2753,Hspa1a
2754,Clic1
2755,Ddah2
2756,D17H6S53E
2757,Aif1
2758,Lst1
2759,Ltb
2760,Tnf
2761,Atp6v1g2
2762,H2-D1
2763,H2-Q4
2764,H2-Q6
2765,H2-Q7
2766,Tcf19
2767,Cchcr1
2768,Ier3
2769,Tubb5
2770,Ppp1r18
2771,H2-T23
2772,Zfp57
2773,Mog
2774,Ptchd4
2775,Adgrf5
2776,Pla2g7
2777,Enpp5
2778,Clic5
2779,Runx2
2780,Tmem63b
2781,Vegfa
2782,Cul9
2783,Ptcra
2784,Ccnd3
2785,Trem2
2786,Nfya
2787,Daam2
2788,Plcl2
2789,Satb1
2790,Pot1b
2791,Stap2
2792,Lrg1
2793,Sema6b
2794,Ptprs
2795,Dennd1c
2796,Tubb4a
2797,Trip10
2798,Vav1
2799,Adgre1
2800,Pdzph1
2801,Efna5
2802,Man2a1
2803,Mtcl1
2804,Ptprm
2805,Lama1
2806,Epb41l3
2807,Dlgap1
2808,Tgif1
2809,Myl12b
2810,Myl12a
2811,Lbh
2812,Xdh
2813,Rasgrp3
2814,Crim1
2815,Vit
2816,Eif2ak2
2817,Prkd3
2818,Cdc42ep3
2819,Cyp1b1
2820,Dhx57
2821,Tmem178
2822,Zfp36l2
2823,Plekhh2
2824,Prkce
2825,Epas1
2826,Nrxn1
2827,Adcyap1
2828,Map3k8
2829,Svil
2830,Colec12
2831,Kctd1
2832,Aqp4
2833,Cdh2
2834,Ttr
2835,Nol4
2836,Celf4
2837,Syt4
2838,Lims2
2839,Gpr17
2840,Bin1
2841,Tslp
2842,Camk4
2843,Reep2
2844,Egr1
2845,Ecscr
2846,Tmem173
2847,Hbegf
2848,Cd14
2849,Arap3
2850,Pcdh1
2851,Pcdh12
2852,Mcc
2853,Kcnn2
2854,Cdo1
2855,Sema6a
2856,Tnfaip8
2857,Snx24
2858,Ppic
2859,Slc12a2
2860,Iigp1
2861,Smim3
2862,Cd74
2863,Slc6a7
2864,Pdgfrb
2865,Csf1r
2866,Slc26a2
2867,Bvht
2868,Afap1l1
2869,Sh3tc2
2870,Adrb2
2871,Apcdd1
2872,Piezo2
2873,St8sia3
2874,Atp8b1
2875,Nedd4l
2876,Sec11c
2877,Pmaip1
2878,Gnal
2879,Tubb6
2880,Cep192
2881,Acaa2
2882,Smad7
2883,Nfatc1
2884,Sall3
2885,Mbp
2886,Neto1
2887,Cbln2
2888,Lrp5
2889,Tcirg1
2890,Unc93b1
2891,Gstp1
2892,Pitpnm1
2893,Ptprcap
2894,Clcf1
2895,Npas4
2896,Cd248
2897,Tmem151a
2898,Klc2
2899,Ccdc85b
2900,Ctsw
2901,Sipa1
2902,Malat1
2903,Neat1
2904,Slc25a45
2905,Pola2
2906,Map4k2
2907,Pygm
2908,Rasgrp2
2909,Nrxn2
2910,Fermt3
2911,Pla2g16
2912,Slc22a8
2913,Slc22a6
2914,Chrm1
2915,Gng3
2916,Ahnak
2917,Fth1
2918,Rab3il1
2919,Syt7
2920,Cd6
2921,Slc15a3
2922,Tmem132a
2923,Tmem109
2924,AW112010
2925,Ms4a1
2926,Ms4a7
2927,Ms4a4a
2928,Ms4a4c
2929,Ms4a4b
2930,Ms4a6c
2931,Ms4a6b
2932,Ms4a6d
2933,Stx3
2934,Mpeg1
2935,Lpxn
2936,Gcnt1
2937,Trpm6
2938,Rorb
2939,Anxa1
2940,Aldh1a1
2941,Gda
2942,Tmem2
2943,Trpm3
2944,Smc5
2945,Tjp2
2946,Pip5k1b
2947,Tmem252
2948,Pgm5
2949,Dock8
2950,Kank1
2951,Glis3
2952,Slc1a1
2953,Jak2
2954,Il33
2955,Prkg1
2956,Sgms1
2957,Acta2
2958,Fas
2959,Ch25h
2960,Ifit2
2961,Ifit3
2962,Ifit3b
2963,Ifit1
2964,Slc16a12
2965,Ppp1r3c
2966,Hhex
2967,Exoc6
2968,Myof
2969,Rbp4
2970,Lgi1
2971,Plce1
2972,Pdlim1
2973,Sorbs1
2974,Entpd1
2975,Blnk
2976,Opalin
2977,Ubtd1
2978,Golga7b
2979,Crtac1
2980,Got1
2981,Scd3
2982,Scd2
2983,Scd1
2984,Lzts2
2985,Kcnip2
2986,Psd
2987,Ina
2988,Neurl1a
2989,Cfap43
2990,Sorcs3
2991,Dusp5
2992,Rbm20
2993,Pdcd4
2994,Tcf7l2
2995,Afap1l2
2996,Ablim1
2997,Fam160b1
2998,Hspa12a
2999,Emx2os
